record_id,emp_id,old_salary,new_salary,change_date,changed_by,cert_id,hike_reason,bonus_amount
REC00001,1,32732,32732.0,,,,,0
REC00002,2,73567,73567.0,,,,,0
REC00003,3,72613,72613.0,,,,,0
REC00004,4,82416,82416.0,,,,,0
REC00005,5,75891,83480.1,2025-03-01,,CERT0220,Database Administrator,5000
REC00006,6,51243,51243.0,,,,,0
REC00007,7,60403,66443.3,2023-11-05,,CERT0491,AWS Solutions Architect,5000
REC00008,8,62103,62103.0,,,,,0
REC00009,9,71993,71993.0,,,,,0
REC00010,10,87043,95747.3,2023-02-11,,CERT0314,Database Administrator,5000
REC00011,11,50757,55832.700000000004,2023-01-20,,CERT0300,Cybersecurity Analyst,5000
REC00012,12,85026,85026.0,,,,,0
REC00013,13,76884,84572.40000000001,2023-07-11,,CERT0269,Database Administrator,5000
REC00014,14,44935,44935.0,,,,,0
REC00015,15,45430,45430.0,,,,,0
REC00016,16,78600,78600.0,,,,,0
REC00017,17,69512,76463.20000000001,2025-09-04,,CERT0184,Google Cloud Engineer,5000
REC00018,18,82620,82620.0,,,,,0
REC00019,19,44650,49115.00000000001,2022-12-07,,CERT0323,AWS Solutions Architect,5000
REC00020,20,47089,47089.0,,,,,0
REC00021,21,62230,68453.0,2025-07-27,,CERT0296,Database Administrator,5000
REC00022,22,48983,53881.3,2023-10-14,,CERT0001,Data Science Professional,5000
REC00023,23,73095,73095.0,,,,,0
REC00024,24,81374,89511.40000000001,2023-01-01,,CERT0408,Cybersecurity Analyst,5000
REC00025,25,54152,54152.0,,,,,0
REC00026,26,65665,65665.0,,,,,0
REC00027,27,89045,89045.0,,,,,0
REC00028,28,46921,46921.0,,,,,0
REC00029,29,57469,57469.0,,,,,0
REC00030,30,68984,68984.0,,,,,0
REC00031,31,36921,36921.0,,,,,0
REC00032,32,68804,68804.0,,,,,0
REC00033,33,32163,32163.0,,,,,0
REC00034,34,35072,35072.0,,,,,0
REC00035,35,67619,67619.0,,,,,0
REC00036,36,37877,37877.0,,,,,0
REC00037,37,48430,48430.0,,,,,0
REC00038,38,31871,35058.100000000006,2025-03-03,,CERT0374,DevOps Engineer,5000
REC00039,39,37599,41358.9,2023-01-13,,CERT0394,Google Cloud Engineer,5000
REC00040,40,32496,32496.0,,,,,0
REC00041,41,77954,85749.40000000001,2024-10-13,,CERT0017,Cybersecurity Analyst,5000
REC00042,42,54675,60142.50000000001,2022-11-24,,CERT0008,DevOps Engineer,5000
REC00043,42,72968,80264.8,2024-04-17,,CERT0420,AWS Solutions Architect,5000
REC00044,43,61921,68113.1,2024-10-30,,CERT0321,Google Cloud Engineer,5000
REC00045,44,63523,63523.0,,,,,0
REC00046,45,30797,30797.0,,,,,0
REC00047,46,79811,79811.0,,,,,0
REC00048,47,33219,33219.0,,,,,0
REC00049,48,45246,45246.0,,,,,0
REC00050,49,54999,54999.0,,,,,0
REC00051,50,86608,86608.0,,,,,0
REC00052,51,46321,46321.0,,,,,0
REC00053,52,82489,82489.0,,,,,0
REC00054,53,49129,49129.0,,,,,0
REC00055,54,83887,83887.0,,,,,0
REC00056,55,71504,71504.0,,,,,0
REC00057,56,85839,85839.0,,,,,0
REC00058,57,79866,79866.0,,,,,0
REC00059,58,48676,48676.0,,,,,0
REC00060,59,87495,87495.0,,,,,0
REC00061,60,61230,61230.0,,,,,0
REC00062,61,41723,45895.3,2024-09-18,,CERT0030,Database Administrator,5000
REC00063,62,73890,73890.0,,,,,0
REC00064,63,47591,47591.0,,,,,0
REC00065,64,85324,85324.0,,,,,0
REC00066,65,88146,96960.6,2024-02-14,,CERT0263,Cybersecurity Analyst,5000
REC00067,66,73136,73136.0,,,,,0
REC00068,67,56752,56752.0,,,,,0
REC00069,68,89300,98230.00000000001,2025-04-22,,CERT0116,Google Cloud Engineer,5000
REC00070,69,53605,53605.0,,,,,0
REC00071,70,36021,36021.0,,,,,0
REC00072,71,50006,50006.0,,,,,0
REC00073,72,33560,33560.0,,,,,0
REC00074,73,55332,55332.0,,,,,0
REC00075,74,61055,67160.5,2023-03-30,,CERT0096,Project Management Professional,5000
REC00076,75,75444,82988.40000000001,2024-07-11,,CERT0132,Cybersecurity Analyst,5000
REC00077,76,80793,80793.0,,,,,0
REC00078,77,76522,76522.0,,,,,0
REC00079,78,77647,85411.70000000001,2024-11-03,,CERT0489,AWS Solutions Architect,5000
REC00080,79,51368,51368.0,,,,,0
REC00081,80,50737,50737.0,,,,,0
REC00082,81,58647,64511.700000000004,2024-12-29,,CERT0455,Project Management Professional,5000
REC00083,82,56681,56681.0,,,,,0
REC00084,83,44627,49089.700000000004,2024-10-07,,CERT0215,AWS Solutions Architect,5000
REC00085,84,42134,46347.4,2024-02-14,,CERT0181,Cybersecurity Analyst,5000
REC00086,85,77883,77883.0,,,,,0
REC00087,86,71390,78529.0,2025-10-20,,CERT0180,Project Management Professional,5000
REC00088,87,86402,95042.20000000001,2024-11-02,,CERT0195,AWS Solutions Architect,5000
REC00089,88,50571,55628.100000000006,2023-12-19,,CERT0499,Machine Learning Specialist,5000
REC00090,89,89790,89790.0,,,,,0
REC00091,90,81811,81811.0,,,,,0
REC00092,91,39781,39781.0,,,,,0
REC00093,92,49340,54274.00000000001,2024-02-08,,CERT0090,Data Science Professional,5000
REC00094,92,57257,62982.700000000004,2024-08-03,,CERT0161,DevOps Engineer,5000
REC00095,93,46298,46298.0,,,,,0
REC00096,94,42372,42372.0,,,,,0
REC00097,95,81403,81403.0,,,,,0
REC00098,96,34420,37862.0,2025-03-17,,CERT0199,AWS Solutions Architect,5000
REC00099,97,75830,75830.0,,,,,0
REC00100,98,69876,69876.0,,,,,0
REC00101,99,47455,47455.0,,,,,0
REC00102,100,44324,44324.0,,,,,0
REC00103,101,68019,68019.0,,,,,0
REC00104,102,37012,37012.0,,,,,0
REC00105,103,39396,39396.0,,,,,0
REC00106,104,77080,77080.0,,,,,0
REC00107,105,33918,33918.0,,,,,0
REC00108,106,39359,43294.9,2025-04-09,,CERT0246,AWS Solutions Architect,5000
REC00109,107,80836,80836.0,,,,,0
REC00110,108,74259,74259.0,,,,,0
REC00111,109,53482,53482.0,,,,,0
REC00112,110,45127,45127.0,,,,,0
REC00113,111,73727,73727.0,,,,,0
REC00114,112,65725,72297.5,2025-06-18,,CERT0244,Azure Administrator,5000
REC00115,113,67237,73960.70000000001,2024-12-01,,CERT0179,Network Security Expert,5000
REC00116,114,44165,44165.0,,,,,0
REC00117,115,38752,38752.0,,,,,0
REC00118,116,72565,72565.0,,,,,0
REC00119,117,44505,44505.0,,,,,0
REC00120,118,35795,35795.0,,,,,0
REC00121,119,80624,80624.0,,,,,0
REC00122,120,53647,53647.0,,,,,0
REC00123,121,70133,70133.0,,,,,0
REC00124,122,58254,64079.40000000001,2025-04-03,,CERT0238,Database Administrator,5000
REC00125,122,71216,78337.6,2023-12-03,,CERT0350,Google Cloud Engineer,5000
REC00126,123,85153,85153.0,,,,,0
REC00127,124,66530,66530.0,,,,,0
REC00128,125,89298,89298.0,,,,,0
REC00129,126,55392,60931.200000000004,2023-07-15,,CERT0268,DevOps Engineer,5000
REC00130,127,46221,46221.0,,,,,0
REC00131,128,48819,53700.9,2023-08-02,,CERT0207,Azure Administrator,5000
REC00132,129,64402,64402.0,,,,,0
REC00133,130,78682,78682.0,,,,,0
REC00134,131,30973,30973.0,,,,,0
REC00135,132,50848,50848.0,,,,,0
REC00136,133,40215,40215.0,,,,,0
REC00137,134,41157,41157.0,,,,,0
REC00138,135,54777,54777.0,,,,,0
REC00139,136,89775,89775.0,,,,,0
REC00140,137,43824,43824.0,,,,,0
REC00141,138,32418,32418.0,,,,,0
REC00142,139,42843,47127.3,2025-06-21,,CERT0209,Machine Learning Specialist,5000
REC00143,139,43242,47566.200000000004,2024-11-17,,CERT0448,Network Security Expert,5000
REC00144,140,66223,66223.0,,,,,0
REC00145,141,85319,85319.0,,,,,0
REC00146,142,84971,93468.1,2024-01-01,,CERT0057,Network Security Expert,5000
REC00147,142,36521,40173.100000000006,2023-09-23,,CERT0088,Database Administrator,5000
REC00148,142,52626,57888.600000000006,2025-01-21,,CERT0331,Cybersecurity Analyst,5000
REC00149,142,86894,95583.40000000001,2024-02-09,,CERT0484,Project Management Professional,5000
REC00150,142,39123,43035.3,2025-07-14,,CERT0488,Project Management Professional,5000
REC00151,143,61454,67599.40000000001,2025-01-24,,CERT0166,DevOps Engineer,5000
REC00152,144,72947,72947.0,,,,,0
REC00153,145,85890,85890.0,,,,,0
REC00154,146,44254,44254.0,,,,,0
REC00155,147,81939,90132.90000000001,2023-10-31,,CERT0157,Database Administrator,5000
REC00156,148,53700,53700.0,,,,,0
REC00157,149,67073,73780.3,2024-12-03,,CERT0084,Data Science Professional,5000
REC00158,150,81762,81762.0,,,,,0
REC00159,151,68299,75128.90000000001,2024-06-03,,CERT0192,Google Cloud Engineer,5000
REC00160,152,53310,53310.0,,,,,0
REC00161,153,61785,61785.0,,,,,0
REC00162,154,45041,45041.0,,,,,0
REC00163,155,86356,94991.6,2023-05-08,,CERT0118,Azure Administrator,5000
REC00164,156,53306,53306.0,,,,,0
REC00165,157,66950,66950.0,,,,,0
REC00166,158,78171,85988.1,2023-07-02,,CERT0427,Database Administrator,5000
REC00167,159,43160,47476.00000000001,2023-08-22,,CERT0428,Data Science Professional,5000
REC00168,160,56635,56635.0,,,,,0
REC00169,161,77874,77874.0,,,,,0
REC00170,162,63075,63075.0,,,,,0
REC00171,163,43392,43392.0,,,,,0
REC00172,164,44368,44368.0,,,,,0
REC00173,165,35302,35302.0,,,,,0
REC00174,166,63920,70312.0,2025-06-22,,CERT0260,Project Management Professional,5000
REC00175,167,53334,53334.0,,,,,0
REC00176,168,71235,71235.0,,,,,0
REC00177,169,68062,68062.0,,,,,0
REC00178,170,76634,76634.0,,,,,0
REC00179,171,76451,84096.1,2025-06-20,,CERT0225,DevOps Engineer,5000
REC00180,172,80360,80360.0,,,,,0
REC00181,173,65260,71786.0,2024-12-24,,CERT0438,Azure Administrator,5000
REC00182,174,57112,57112.0,,,,,0
REC00183,175,78717,78717.0,,,,,0
REC00184,176,77390,77390.0,,,,,0
REC00185,177,43592,43592.0,,,,,0
REC00186,178,55213,55213.0,,,,,0
REC00187,179,63538,69891.8,2024-06-27,,CERT0048,Machine Learning Specialist,5000
REC00188,180,45875,45875.0,,,,,0
REC00189,181,38286,38286.0,,,,,0
REC00190,182,74258,74258.0,,,,,0
REC00191,183,68763,68763.0,,,,,0
REC00192,184,48728,48728.0,,,,,0
REC00193,185,43640,48004.00000000001,2024-02-20,,CERT0472,Project Management Professional,5000
REC00194,186,33091,33091.0,,,,,0
REC00195,187,75663,83229.3,2024-06-04,,CERT0169,Data Science Professional,5000
REC00196,187,33912,37303.200000000004,2024-10-24,,CERT0319,Network Security Expert,5000
REC00197,188,80586,88644.6,2025-03-23,,CERT0053,Machine Learning Specialist,5000
REC00198,188,36594,40253.4,2023-05-27,,CERT0347,Database Administrator,5000
REC00199,189,51752,56927.200000000004,2023-01-14,,CERT0316,Network Security Expert,5000
REC00200,190,87524,96276.40000000001,2024-11-17,,CERT0304,Azure Administrator,5000
REC00201,191,89715,98686.50000000001,2025-01-12,,CERT0278,DevOps Engineer,5000
REC00202,192,53532,53532.0,,,,,0
REC00203,193,37997,37997.0,,,,,0
REC00204,194,83006,83006.0,,,,,0
REC00205,195,70800,70800.0,,,,,0
REC00206,196,45620,45620.0,,,,,0
REC00207,197,70899,70899.0,,,,,0
REC00208,198,34845,34845.0,,,,,0
REC00209,199,56763,56763.0,,,,,0
REC00210,200,84268,84268.0,,,,,0
REC00211,201,73606,73606.0,,,,,0
REC00212,202,33533,36886.3,2023-08-10,,CERT0475,Google Cloud Engineer,5000
REC00213,203,32937,32937.0,,,,,0
REC00214,204,56221,61843.100000000006,2025-04-18,,CERT0137,Azure Administrator,5000
REC00215,204,67707,74477.70000000001,2022-11-19,,CERT0178,Database Administrator,5000
REC00216,205,72512,72512.0,,,,,0
REC00217,206,49608,49608.0,,,,,0
REC00218,207,35021,35021.0,,,,,0
REC00219,208,56773,56773.0,,,,,0
REC00220,209,63902,63902.0,,,,,0
REC00221,210,79177,87094.70000000001,2024-10-18,,CERT0127,Azure Administrator,5000
REC00222,211,72448,72448.0,,,,,0
REC00223,212,47340,52074.00000000001,2025-09-05,,CERT0108,DevOps Engineer,5000
REC00224,213,31913,31913.0,,,,,0
REC00225,214,82086,82086.0,,,,,0
REC00226,215,43429,43429.0,,,,,0
REC00227,216,88813,97694.3,2024-02-03,,CERT0193,Data Science Professional,5000
REC00228,217,43907,43907.0,,,,,0
REC00229,218,65489,65489.0,,,,,0
REC00230,219,40088,44096.8,2023-06-04,,CERT0134,AWS Solutions Architect,5000
REC00231,219,80080,88088.0,2023-12-22,,CERT0221,Cybersecurity Analyst,5000
REC00232,220,45588,45588.0,,,,,0
REC00233,221,68395,68395.0,,,,,0
REC00234,222,85417,85417.0,,,,,0
REC00235,223,68214,75035.40000000001,2023-12-30,,CERT0224,Network Security Expert,5000
REC00236,224,30469,30469.0,,,,,0
REC00237,225,73295,73295.0,,,,,0
REC00238,226,38717,38717.0,,,,,0
REC00239,227,81015,81015.0,,,,,0
REC00240,228,64488,70936.8,2023-05-21,,CERT0075,Cybersecurity Analyst,5000
REC00241,228,68040,74844.0,2022-12-15,,CERT0098,Google Cloud Engineer,5000
REC00242,229,46975,51672.50000000001,2025-04-28,,CERT0214,Google Cloud Engineer,5000
REC00243,230,68953,68953.0,,,,,0
REC00244,231,81474,81474.0,,,,,0
REC00245,232,45912,50503.200000000004,2022-11-29,,CERT0173,Project Management Professional,5000
REC00246,232,58086,63894.600000000006,2025-10-30,,CERT0389,Cybersecurity Analyst,5000
REC00247,233,46591,46591.0,,,,,0
REC00248,234,45115,49626.50000000001,2023-12-06,,CERT0281,Project Management Professional,5000
REC00249,235,83414,83414.0,,,,,0
REC00250,236,44447,44447.0,,,,,0
REC00251,237,82573,82573.0,,,,,0
REC00252,238,58665,58665.0,,,,,0
REC00253,239,84401,92841.1,2025-04-25,,CERT0002,Project Management Professional,5000
REC00254,239,72870,80157.0,2023-09-29,,CERT0309,Machine Learning Specialist,5000
REC00255,240,41052,41052.0,,,,,0
REC00256,241,87560,87560.0,,,,,0
REC00257,242,45741,45741.0,,,,,0
REC00258,243,87368,87368.0,,,,,0
REC00259,244,58739,58739.0,,,,,0
REC00260,245,73986,73986.0,,,,,0
REC00261,246,35103,35103.0,,,,,0
REC00262,247,87091,95800.1,2022-11-20,,CERT0252,Network Security Expert,5000
REC00263,248,65050,71555.0,2024-11-26,,CERT0176,DevOps Engineer,5000
REC00264,249,31740,34914.0,2023-06-02,,CERT0082,Cybersecurity Analyst,5000
REC00265,250,85270,85270.0,,,,,0
REC00266,251,42579,42579.0,,,,,0
REC00267,252,35846,35846.0,,,,,0
REC00268,253,76078,83685.8,2024-03-03,,CERT0070,Cybersecurity Analyst,5000
REC00269,254,77805,77805.0,,,,,0
REC00270,255,50165,50165.0,,,,,0
REC00271,256,32775,32775.0,,,,,0
REC00272,257,48987,48987.0,,,,,0
REC00273,258,60752,66827.20000000001,2025-10-01,,CERT0071,Cybersecurity Analyst,5000
REC00274,258,53563,58919.3,2022-11-10,,CERT0249,Machine Learning Specialist,5000
REC00275,259,43928,43928.0,,,,,0
REC00276,260,36356,36356.0,,,,,0
REC00277,261,63930,70323.0,2024-08-24,,CERT0212,Machine Learning Specialist,5000
REC00278,262,76774,84451.40000000001,2025-08-09,,CERT0436,AWS Solutions Architect,5000
REC00279,263,58651,64516.100000000006,2024-07-08,,CERT0248,Google Cloud Engineer,5000
REC00280,264,45997,50596.700000000004,2024-10-30,,CERT0126,Machine Learning Specialist,5000
REC00281,265,63391,63391.0,,,,,0
REC00282,266,62232,62232.0,,,,,0
REC00283,267,38962,42858.200000000004,2024-10-13,,CERT0145,Database Administrator,5000
REC00284,268,50435,50435.0,,,,,0
REC00285,269,64009,64009.0,,,,,0
REC00286,270,73671,73671.0,,,,,0
REC00287,271,88165,96981.50000000001,2023-04-08,,CERT0119,Project Management Professional,5000
REC00288,272,34403,37843.3,2023-12-17,,CERT0445,Database Administrator,5000
REC00289,273,47582,47582.0,,,,,0
REC00290,274,59844,65828.40000000001,2024-09-22,,CERT0274,Azure Administrator,5000
REC00291,275,49381,49381.0,,,,,0
REC00292,276,68429,68429.0,,,,,0
REC00293,277,45939,50532.9,2023-11-22,,CERT0042,AWS Solutions Architect,5000
REC00294,278,40787,44865.700000000004,2023-10-26,,CERT0345,AWS Solutions Architect,5000
REC00295,278,47191,51910.100000000006,2024-08-14,,CERT0385,Machine Learning Specialist,5000
REC00296,279,32121,32121.0,,,,,0
REC00297,280,75353,75353.0,,,,,0
REC00298,281,54451,59896.100000000006,2022-11-18,,CERT0128,Google Cloud Engineer,5000
REC00299,282,33886,33886.0,,,,,0
REC00300,283,71690,78859.0,2022-12-20,,CERT0074,Azure Administrator,5000
REC00301,284,52450,52450.0,,,,,0
REC00302,285,45212,45212.0,,,,,0
REC00303,286,39987,39987.0,,,,,0
REC00304,287,80975,80975.0,,,,,0
REC00305,288,77881,77881.0,,,,,0
REC00306,289,75485,75485.0,,,,,0
REC00307,290,46583,51241.3,2024-06-29,,CERT0277,Database Administrator,5000
REC00308,291,64215,70636.5,2024-11-03,,CERT0059,Database Administrator,5000
REC00309,292,35181,35181.0,,,,,0
REC00310,293,73349,80683.90000000001,2025-04-27,,CERT0148,Cybersecurity Analyst,5000
REC00311,294,41042,41042.0,,,,,0
REC00312,295,72914,72914.0,,,,,0
REC00313,296,35208,38728.8,2024-04-08,,CERT0012,Google Cloud Engineer,5000
REC00314,297,36177,36177.0,,,,,0
REC00315,298,77749,77749.0,,,,,0
REC00316,299,34863,38349.3,2023-03-15,,CERT0265,Machine Learning Specialist,5000
REC00317,300,85332,93865.20000000001,2023-04-05,,CERT0197,DevOps Engineer,5000
REC00318,300,80944,89038.40000000001,2024-06-07,,CERT0336,AWS Solutions Architect,5000
REC00319,301,80635,80635.0,,,,,0
REC00320,302,77394,77394.0,,,,,0
REC00321,303,38389,42227.9,2024-11-15,,CERT0276,Data Science Professional,5000
REC00322,303,30894,33983.4,2024-04-07,,CERT0315,AWS Solutions Architect,5000
REC00323,304,84526,84526.0,,,,,0
REC00324,305,78208,78208.0,,,,,0
REC00325,306,60142,60142.0,,,,,0
REC00326,307,62904,62904.0,,,,,0
REC00327,308,56813,56813.0,,,,,0
REC00328,309,69041,69041.0,,,,,0
REC00329,310,89601,98561.1,2024-03-27,,CERT0058,Google Cloud Engineer,5000
REC00330,311,55968,55968.0,,,,,0
REC00331,312,77395,77395.0,,,,,0
REC00332,313,43688,48056.8,2023-05-04,,CERT0072,Machine Learning Specialist,5000
REC00333,313,33419,36760.9,2025-06-20,,CERT0240,Project Management Professional,5000
REC00334,313,46552,51207.200000000004,2024-07-08,,CERT0378,Google Cloud Engineer,5000
REC00335,314,36004,36004.0,,,,,0
REC00336,315,65620,72182.0,2025-09-29,,CERT0451,Data Science Professional,5000
REC00337,316,75232,82755.20000000001,2025-08-20,,CERT0033,Network Security Expert,5000
REC00338,317,72521,72521.0,,,,,0
REC00339,318,50803,50803.0,,,,,0
REC00340,319,87191,87191.0,,,,,0
REC00341,320,87852,96637.20000000001,2023-06-30,,CERT0004,DevOps Engineer,5000
REC00342,321,45139,45139.0,,,,,0
REC00343,322,65954,65954.0,,,,,0
REC00344,323,52302,52302.0,,,,,0
REC00345,324,51533,51533.0,,,,,0
REC00346,325,48161,48161.0,,,,,0
REC00347,326,82513,90764.3,2024-09-11,,CERT0085,Project Management Professional,5000
REC00348,327,71106,78216.6,2024-05-12,,CERT0239,Google Cloud Engineer,5000
REC00349,328,84545,84545.0,,,,,0
REC00350,329,83469,83469.0,,,,,0
REC00351,330,44676,49143.600000000006,2024-03-25,,CERT0377,Data Science Professional,5000
REC00352,331,50989,56087.9,2023-05-14,,CERT0005,DevOps Engineer,5000
REC00353,332,32562,35818.200000000004,2024-12-05,,CERT0324,Azure Administrator,5000
REC00354,333,52597,52597.0,,,,,0
REC00355,334,55484,55484.0,,,,,0
REC00356,335,67420,67420.0,,,,,0
REC00357,336,43173,43173.0,,,,,0
REC00358,337,57389,57389.0,,,,,0
REC00359,338,76402,84042.20000000001,2025-06-30,,CERT0450,Project Management Professional,5000
REC00360,339,58271,64098.100000000006,2025-08-20,,CERT0264,Database Administrator,5000
REC00361,340,85387,93925.70000000001,2025-08-26,,CERT0457,Machine Learning Specialist,5000
REC00362,341,41605,41605.0,,,,,0
REC00363,342,63191,63191.0,,,,,0
REC00364,343,58310,58310.0,,,,,0
REC00365,344,86006,94606.6,2025-02-23,,CERT0038,AWS Solutions Architect,5000
REC00366,345,63735,63735.0,,,,,0
REC00367,346,67138,67138.0,,,,,0
REC00368,347,71820,71820.0,,,,,0
REC00369,348,52571,52571.0,,,,,0
REC00370,349,84355,92790.50000000001,2023-12-26,,CERT0231,Database Administrator,5000
REC00371,350,63201,63201.0,,,,,0
REC00372,351,43097,43097.0,,,,,0
REC00373,352,52621,52621.0,,,,,0
REC00374,353,47813,52594.3,2023-03-13,,CERT0152,AWS Solutions Architect,5000
REC00375,354,74889,74889.0,,,,,0
REC00376,355,48930,48930.0,,,,,0
REC00377,356,61200,67320.0,2024-06-28,,CERT0104,Network Security Expert,5000
REC00378,357,44299,44299.0,,,,,0
REC00379,358,46713,46713.0,,,,,0
REC00380,359,49996,54995.600000000006,2025-07-06,,CERT0006,Google Cloud Engineer,5000
REC00381,360,46363,50999.3,2024-03-05,,CERT0175,Data Science Professional,5000
REC00382,361,54785,54785.0,,,,,0
REC00383,362,85913,85913.0,,,,,0
REC00384,363,66736,66736.0,,,,,0
REC00385,364,54534,59987.4,2025-03-06,,CERT0043,Network Security Expert,5000
REC00386,364,62319,68550.90000000001,2022-12-09,,CERT0397,DevOps Engineer,5000
REC00387,365,31040,31040.0,,,,,0
REC00388,366,36250,36250.0,,,,,0
REC00389,367,87508,87508.0,,,,,0
REC00390,368,55182,55182.0,,,,,0
REC00391,369,37704,37704.0,,,,,0
REC00392,370,36772,36772.0,,,,,0
REC00393,371,68079,74886.90000000001,2024-08-23,,CERT0013,Google Cloud Engineer,5000
REC00394,371,72179,79396.90000000001,2025-10-25,,CERT0035,Machine Learning Specialist,5000
REC00395,371,55907,61497.700000000004,2024-09-14,,CERT0190,Network Security Expert,5000
REC00396,372,75192,75192.0,,,,,0
REC00397,373,39144,39144.0,,,,,0
REC00398,374,57741,57741.0,,,,,0
REC00399,375,68779,68779.0,,,,,0
REC00400,376,81950,90145.00000000001,2024-06-13,,CERT0140,Azure Administrator,5000
REC00401,377,71120,71120.0,,,,,0
REC00402,378,32195,35414.5,2023-05-07,,CERT0174,DevOps Engineer,5000
REC00403,378,34680,38148.0,2024-02-13,,CERT0302,Network Security Expert,5000
REC00404,379,85751,85751.0,,,,,0
REC00405,380,55687,55687.0,,,,,0
REC00406,381,82237,82237.0,,,,,0
REC00407,382,62058,68263.8,2023-09-17,,CERT0492,Google Cloud Engineer,5000
REC00408,383,84865,93351.50000000001,2024-04-13,,CERT0233,Project Management Professional,5000
REC00409,384,68008,68008.0,,,,,0
REC00410,385,40100,40100.0,,,,,0
REC00411,386,45168,45168.0,,,,,0
REC00412,387,73723,81095.3,2025-05-27,,CERT0312,Azure Administrator,5000
REC00413,388,63500,63500.0,,,,,0
REC00414,389,84180,84180.0,,,,,0
REC00415,390,87625,96387.50000000001,2025-04-25,,CERT0313,AWS Solutions Architect,5000
REC00416,391,75856,75856.0,,,,,0
REC00417,392,53978,53978.0,,,,,0
REC00418,393,42046,46250.600000000006,2024-03-14,,CERT0078,Machine Learning Specialist,5000
REC00419,394,50950,50950.0,,,,,0
REC00420,395,39500,39500.0,,,,,0
REC00421,396,70212,70212.0,,,,,0
REC00422,397,62722,62722.0,,,,,0
REC00423,398,82548,82548.0,,,,,0
REC00424,399,76614,76614.0,,,,,0
REC00425,400,84499,84499.0,,,,,0
REC00426,401,53418,53418.0,,,,,0
REC00427,402,79747,79747.0,,,,,0
REC00428,403,63415,63415.0,,,,,0
REC00429,404,42232,46455.200000000004,2025-03-07,,CERT0188,Project Management Professional,5000
REC00430,405,46957,46957.0,,,,,0
REC00431,406,69565,69565.0,,,,,0
REC00432,407,68405,75245.5,2024-12-08,,CERT0466,Project Management Professional,5000
REC00433,408,87600,87600.0,,,,,0
REC00434,409,57784,57784.0,,,,,0
REC00435,410,74239,81662.90000000001,2024-08-01,,CERT0388,Machine Learning Specialist,5000
REC00436,411,77567,77567.0,,,,,0
REC00437,412,62693,62693.0,,,,,0
REC00438,413,68027,74829.70000000001,2025-04-18,,CERT0496,AWS Solutions Architect,5000
REC00439,414,71988,71988.0,,,,,0
REC00440,415,69335,69335.0,,,,,0
REC00441,416,67212,73933.20000000001,2023-03-29,,CERT0021,Project Management Professional,5000
REC00442,416,82141,90355.1,2023-11-18,,CERT0067,Machine Learning Specialist,5000
REC00443,417,63354,69689.40000000001,2023-11-12,,CERT0018,Data Science Professional,5000
REC00444,418,44132,44132.0,,,,,0
REC00445,419,84254,84254.0,,,,,0
REC00446,420,37601,41361.100000000006,2024-12-06,,CERT0284,AWS Solutions Architect,5000
REC00447,421,57867,57867.0,,,,,0
REC00448,422,41059,41059.0,,,,,0
REC00449,423,30739,30739.0,,,,,0
REC00450,424,59545,59545.0,,,,,0
REC00451,425,51266,56392.600000000006,2024-08-09,,CERT0250,Google Cloud Engineer,5000
REC00452,426,58021,58021.0,,,,,0
REC00453,427,35410,35410.0,,,,,0
REC00454,428,78691,78691.0,,,,,0
REC00455,429,78798,86677.8,2023-03-20,,CERT0182,Machine Learning Specialist,5000
REC00456,430,46821,46821.0,,,,,0
REC00457,431,33898,33898.0,,,,,0
REC00458,432,58587,58587.0,,,,,0
REC00459,433,48231,48231.0,,,,,0
REC00460,434,39724,39724.0,,,,,0
REC00461,435,80172,88189.20000000001,2023-12-23,,CERT0317,DevOps Engineer,5000
REC00462,436,53314,53314.0,,,,,0
REC00463,437,30941,30941.0,,,,,0
REC00464,438,57479,57479.0,,,,,0
REC00465,439,55025,60527.50000000001,2025-07-13,,CERT0066,Machine Learning Specialist,5000
REC00466,440,41590,41590.0,,,,,0
REC00467,441,84762,93238.20000000001,2024-12-12,,CERT0003,Cybersecurity Analyst,5000
REC00468,442,41317,41317.0,,,,,0
REC00469,443,39008,39008.0,,,,,0
REC00470,444,61838,61838.0,,,,,0
REC00471,445,48491,53340.100000000006,2023-04-07,,CERT0297,Azure Administrator,5000
REC00472,446,44672,44672.0,,,,,0
REC00473,447,56266,61892.600000000006,2024-12-16,,CERT0123,DevOps Engineer,5000
REC00474,447,60332,66365.20000000001,2023-10-26,,CERT0485,DevOps Engineer,5000
REC00475,448,50643,50643.0,,,,,0
REC00476,449,41834,41834.0,,,,,0
REC00477,450,47329,47329.0,,,,,0
REC00478,451,38393,38393.0,,,,,0
REC00479,452,86620,86620.0,,,,,0
REC00480,453,48189,48189.0,,,,,0
REC00481,454,77993,77993.0,,,,,0
REC00482,455,31862,31862.0,,,,,0
REC00483,456,71510,78661.0,2024-05-15,,CERT0384,Cybersecurity Analyst,5000
REC00484,457,66519,73170.90000000001,2025-03-26,,CERT0218,Database Administrator,5000
REC00485,458,72632,72632.0,,,,,0
REC00486,459,81192,81192.0,,,,,0
REC00487,460,30903,30903.0,,,,,0
REC00488,461,60416,60416.0,,,,,0
REC00489,462,45352,45352.0,,,,,0
REC00490,463,55080,55080.0,,,,,0
REC00491,464,54399,59838.9,2024-05-14,,CERT0453,Google Cloud Engineer,5000
REC00492,465,44297,44297.0,,,,,0
REC00493,466,35896,35896.0,,,,,0
REC00494,467,42003,46203.3,2024-11-25,,CERT0352,Google Cloud Engineer,5000
REC00495,468,37942,37942.0,,,,,0
REC00496,469,53761,53761.0,,,,,0
REC00497,470,72439,72439.0,,,,,0
REC00498,471,68361,68361.0,,,,,0
REC00499,472,46322,46322.0,,,,,0
REC00500,473,60268,66294.8,2025-05-06,,CERT0470,Cybersecurity Analyst,5000
REC00501,474,82280,90508.00000000001,2024-03-10,,CERT0376,DevOps Engineer,5000
REC00502,475,69794,76773.40000000001,2025-08-13,,CERT0170,AWS Solutions Architect,5000
REC00503,476,66589,73247.90000000001,2025-09-14,,CERT0383,Project Management Professional,5000
REC00504,477,49095,54004.50000000001,2024-08-12,,CERT0047,Cybersecurity Analyst,5000
REC00505,478,38472,42319.200000000004,2024-04-05,,CERT0227,Google Cloud Engineer,5000
REC00506,479,31028,31028.0,,,,,0
REC00507,480,65428,65428.0,,,,,0
REC00508,481,32353,32353.0,,,,,0
REC00509,482,56967,62663.700000000004,2025-08-13,,CERT0023,Azure Administrator,5000
REC00510,483,52046,57250.600000000006,2022-11-10,,CERT0439,Network Security Expert,5000
REC00511,484,37734,37734.0,,,,,0
REC00512,485,54729,54729.0,,,,,0
REC00513,486,58436,64279.600000000006,2023-07-08,,CERT0339,Data Science Professional,5000
REC00514,487,53905,53905.0,,,,,0
REC00515,488,56981,56981.0,,,,,0
REC00516,489,40937,40937.0,,,,,0
REC00517,490,75463,75463.0,,,,,0
REC00518,491,62155,68370.5,2025-02-09,,CERT0287,Network Security Expert,5000
REC00519,492,31053,31053.0,,,,,0
REC00520,493,49361,49361.0,,,,,0
REC00521,494,51875,51875.0,,,,,0
REC00522,495,66661,73327.1,2022-12-09,,CERT0186,Azure Administrator,5000
REC00523,496,32679,32679.0,,,,,0
REC00524,497,41187,45305.700000000004,2025-10-01,,CERT0110,AWS Solutions Architect,5000
REC00525,498,34950,38445.0,2023-08-27,,CERT0279,DevOps Engineer,5000
REC00526,499,61222,67344.20000000001,2024-05-17,,CERT0237,Azure Administrator,5000
REC00527,500,32665,32665.0,,,,,0
REC00528,501,49441,54385.100000000006,2025-10-08,,CERT0113,Project Management Professional,5000
REC00529,502,60857,66942.70000000001,2025-10-13,,CERT0413,Network Security Expert,5000
REC00530,503,69606,69606.0,,,,,0
REC00531,504,66736,73409.6,2023-10-19,,CERT0217,AWS Solutions Architect,5000
REC00532,504,30851,33936.100000000006,2023-02-04,,CERT0344,Azure Administrator,5000
REC00533,505,88744,88744.0,,,,,0
REC00534,506,35028,38530.8,2024-05-23,,CERT0370,Google Cloud Engineer,5000
REC00535,507,50177,50177.0,,,,,0
REC00536,508,53700,59070.00000000001,2024-12-15,,CERT0065,AWS Solutions Architect,5000
REC00537,508,87205,95925.50000000001,2023-06-16,,CERT0286,Network Security Expert,5000
REC00538,509,69920,69920.0,,,,,0
REC00539,510,82483,82483.0,,,,,0
REC00540,511,54702,54702.0,,,,,0
REC00541,512,85082,93590.20000000001,2025-05-20,,CERT0242,Network Security Expert,5000
REC00542,513,38769,38769.0,,,,,0
REC00543,514,52036,52036.0,,,,,0
REC00544,515,63572,69929.20000000001,2023-10-04,,CERT0111,Machine Learning Specialist,5000
REC00545,516,68212,68212.0,,,,,0
REC00546,517,82176,82176.0,,,,,0
REC00547,518,46496,51145.600000000006,2025-07-24,,CERT0335,Machine Learning Specialist,5000
REC00548,519,64735,64735.0,,,,,0
REC00549,520,47034,47034.0,,,,,0
REC00550,521,67101,73811.1,2025-02-13,,CERT0402,Database Administrator,5000
REC00551,522,31384,31384.0,,,,,0
REC00552,523,76046,76046.0,,,,,0
REC00553,524,43867,43867.0,,,,,0
REC00554,525,30063,30063.0,,,,,0
REC00555,526,66767,66767.0,,,,,0
REC00556,527,33988,33988.0,,,,,0
REC00557,528,81654,89819.40000000001,2023-08-23,,CERT0454,DevOps Engineer,5000
REC00558,529,82668,82668.0,,,,,0
REC00559,530,75659,75659.0,,,,,0
REC00560,531,49055,49055.0,,,,,0
REC00561,532,76499,76499.0,,,,,0
REC00562,533,65155,65155.0,,,,,0
REC00563,534,56444,56444.0,,,,,0
REC00564,535,51778,51778.0,,,,,0
REC00565,536,66209,66209.0,,,,,0
REC00566,537,38010,41811.0,2023-01-06,,CERT0354,Network Security Expert,5000
REC00567,538,89618,89618.0,,,,,0
REC00568,539,43537,43537.0,,,,,0
REC00569,540,81115,89226.5,2022-12-16,,CERT0468,Data Science Professional,5000
REC00570,541,35763,35763.0,,,,,0
REC00571,542,49340,54274.00000000001,2023-03-02,,CERT0493,AWS Solutions Architect,5000
REC00572,543,37396,37396.0,,,,,0
REC00573,544,66666,66666.0,,,,,0
REC00574,545,83121,83121.0,,,,,0
REC00575,546,44705,44705.0,,,,,0
REC00576,547,86448,95092.8,2025-09-14,,CERT0115,Cybersecurity Analyst,5000
REC00577,548,51287,56415.700000000004,2024-05-08,,CERT0337,Azure Administrator,5000
REC00578,549,55274,55274.0,,,,,0
REC00579,550,46676,51343.600000000006,2024-01-22,,CERT0080,Network Security Expert,5000
REC00580,551,61075,61075.0,,,,,0
REC00581,552,88181,88181.0,,,,,0
REC00582,553,77238,77238.0,,,,,0
REC00583,554,83251,83251.0,,,,,0
REC00584,555,35346,38880.600000000006,2023-11-10,,CERT0318,Database Administrator,5000
REC00585,556,53417,53417.0,,,,,0
REC00586,557,67544,74298.40000000001,2025-01-29,,CERT0198,DevOps Engineer,5000
REC00587,557,61164,67280.40000000001,2025-05-25,,CERT0228,Cybersecurity Analyst,5000
REC00588,558,43729,43729.0,,,,,0
REC00589,559,53836,59219.600000000006,2024-03-17,,CERT0177,Database Administrator,5000
REC00590,560,86132,86132.0,,,,,0
REC00591,561,34122,34122.0,,,,,0
REC00592,562,30736,30736.0,,,,,0
REC00593,563,56872,62559.200000000004,2023-06-07,,CERT0062,Database Administrator,5000
REC00594,564,67229,67229.0,,,,,0
REC00595,565,48355,48355.0,,,,,0
REC00596,566,41465,41465.0,,,,,0
REC00597,567,43749,43749.0,,,,,0
REC00598,568,71157,71157.0,,,,,0
REC00599,569,75985,75985.0,,,,,0
REC00600,570,64439,70882.90000000001,2023-02-28,,CERT0293,Data Science Professional,5000
REC00601,571,63374,63374.0,,,,,0
REC00602,572,48504,53354.4,2023-05-02,,CERT0410,Azure Administrator,5000
REC00603,573,75302,75302.0,,,,,0
REC00604,574,86148,86148.0,,,,,0
REC00605,575,88503,88503.0,,,,,0
REC00606,576,80883,80883.0,,,,,0
REC00607,577,89605,89605.0,,,,,0
REC00608,578,45835,45835.0,,,,,0
REC00609,579,37788,41566.8,2025-06-19,,CERT0362,Azure Administrator,5000
REC00610,580,82547,90801.70000000001,2025-04-17,,CERT0112,Machine Learning Specialist,5000
REC00611,580,69014,75915.40000000001,2025-03-01,,CERT0298,Database Administrator,5000
REC00612,581,54404,54404.0,,,,,0
REC00613,582,56951,56951.0,,,,,0
REC00614,583,55171,55171.0,,,,,0
REC00615,584,68111,68111.0,,,,,0
REC00616,585,32304,32304.0,,,,,0
REC00617,586,41909,46099.9,2023-08-15,,CERT0124,Google Cloud Engineer,5000
REC00618,587,66187,72805.70000000001,2024-06-24,,CERT0349,Project Management Professional,5000
REC00619,588,63899,63899.0,,,,,0
REC00620,589,61646,61646.0,,,,,0
REC00621,590,44281,44281.0,,,,,0
REC00622,591,48387,53225.700000000004,2025-03-15,,CERT0131,AWS Solutions Architect,5000
REC00623,592,72981,80279.1,2023-08-12,,CERT0032,AWS Solutions Architect,5000
REC00624,593,54028,59430.8,2022-11-13,,CERT0029,Google Cloud Engineer,5000
REC00625,594,43704,43704.0,,,,,0
REC00626,595,80859,88944.90000000001,2023-01-17,,CERT0363,Network Security Expert,5000
REC00627,596,39774,43751.4,2023-01-04,,CERT0219,Data Science Professional,5000
REC00628,597,38192,38192.0,,,,,0
REC00629,598,37528,41280.8,2024-02-18,,CERT0306,DevOps Engineer,5000
REC00630,599,63459,69804.90000000001,2024-07-06,,CERT0183,Database Administrator,5000
REC00631,599,76630,84293.0,2025-03-09,,CERT0480,Project Management Professional,5000
REC00632,600,57722,63494.200000000004,2025-04-04,,CERT0069,Network Security Expert,5000
REC00633,600,48931,53824.100000000006,2023-03-10,,CERT0423,DevOps Engineer,5000
REC00634,601,57362,57362.0,,,,,0
REC00635,602,32683,32683.0,,,,,0
REC00636,603,54919,54919.0,,,,,0
REC00637,604,45456,45456.0,,,,,0
REC00638,605,36995,36995.0,,,,,0
REC00639,606,58954,64849.40000000001,2024-01-07,,CERT0305,Database Administrator,5000
REC00640,607,86014,86014.0,,,,,0
REC00641,608,36176,36176.0,,,,,0
REC00642,609,57763,63539.3,2024-02-02,,CERT0164,Database Administrator,5000
REC00643,610,69366,69366.0,,,,,0
REC00644,611,35985,35985.0,,,,,0
REC00645,612,67292,67292.0,,,,,0
REC00646,613,63595,69954.5,2024-03-15,,CERT0476,Google Cloud Engineer,5000
REC00647,614,40041,40041.0,,,,,0
REC00648,615,85986,94584.6,2024-11-17,,CERT0390,Cybersecurity Analyst,5000
REC00649,616,40413,40413.0,,,,,0
REC00650,617,60441,60441.0,,,,,0
REC00651,618,33204,33204.0,,,,,0
REC00652,619,30093,30093.0,,,,,0
REC00653,620,78475,78475.0,,,,,0
REC00654,621,43713,43713.0,,,,,0
REC00655,622,65235,71758.5,2024-03-27,,CERT0232,Project Management Professional,5000
REC00656,623,66546,66546.0,,,,,0
REC00657,624,30404,33444.4,2023-12-15,,CERT0399,Data Science Professional,5000
REC00658,624,35037,38540.700000000004,2024-08-21,,CERT0482,AWS Solutions Architect,5000
REC00659,625,55785,55785.0,,,,,0
REC00660,626,76031,83634.1,2023-01-08,,CERT0121,Machine Learning Specialist,5000
REC00661,627,30375,33412.5,2023-07-31,,CERT0081,Project Management Professional,5000
REC00662,628,46036,50639.600000000006,2023-11-18,,CERT0346,Machine Learning Specialist,5000
REC00663,628,83097,91406.70000000001,2025-08-15,,CERT0441,Machine Learning Specialist,5000
REC00664,629,40942,40942.0,,,,,0
REC00665,630,62260,62260.0,,,,,0
REC00666,631,46881,51569.100000000006,2022-11-26,,CERT0052,DevOps Engineer,5000
REC00667,631,86818,95499.8,2024-05-05,,CERT0055,Data Science Professional,5000
REC00668,632,53757,53757.0,,,,,0
REC00669,633,39630,39630.0,,,,,0
REC00670,634,60061,60061.0,,,,,0
REC00671,635,60551,66606.1,2023-05-02,,CERT0415,Cybersecurity Analyst,5000
REC00672,636,71698,78867.8,2025-04-07,,CERT0144,Data Science Professional,5000
REC00673,637,34515,37966.5,2025-10-24,,CERT0120,Database Administrator,5000
REC00674,638,69497,69497.0,,,,,0
REC00675,639,33290,33290.0,,,,,0
REC00676,640,72935,80228.5,2023-03-16,,CERT0136,Database Administrator,5000
REC00677,641,64330,70763.0,2024-05-06,,CERT0019,Google Cloud Engineer,5000
REC00678,642,59718,59718.0,,,,,0
REC00679,643,55036,55036.0,,,,,0
REC00680,644,61439,67582.90000000001,2024-09-15,,CERT0236,Database Administrator,5000
REC00681,645,58250,58250.0,,,,,0
REC00682,646,82275,90502.50000000001,2023-10-25,,CERT0083,Project Management Professional,5000
REC00683,646,61718,67889.8,2023-10-15,,CERT0187,DevOps Engineer,5000
REC00684,647,80990,80990.0,,,,,0
REC00685,648,46080,46080.0,,,,,0
REC00686,649,88812,88812.0,,,,,0
REC00687,650,86111,86111.0,,,,,0
REC00688,651,77208,84928.8,2024-03-06,,CERT0068,Cybersecurity Analyst,5000
REC00689,652,34736,38209.600000000006,2023-02-05,,CERT0150,AWS Solutions Architect,5000
REC00690,652,33466,36812.600000000006,2023-12-15,,CERT0261,AWS Solutions Architect,5000
REC00691,653,50427,50427.0,,,,,0
REC00692,654,85181,85181.0,,,,,0
REC00693,655,34702,34702.0,,,,,0
REC00694,656,68406,68406.0,,,,,0
REC00695,657,70621,77683.1,2023-09-30,,CERT0016,Google Cloud Engineer,5000
REC00696,658,78373,78373.0,,,,,0
REC00697,659,35534,39087.4,2025-02-14,,CERT0328,Machine Learning Specialist,5000
REC00698,660,76607,76607.0,,,,,0
REC00699,661,77273,77273.0,,,,,0
REC00700,662,69078,69078.0,,,,,0
REC00701,663,76389,76389.0,,,,,0
REC00702,664,32987,32987.0,,,,,0
REC00703,665,51074,56181.4,2024-10-05,,CERT0041,Azure Administrator,5000
REC00704,666,58039,58039.0,,,,,0
REC00705,667,33292,33292.0,,,,,0
REC00706,668,82033,82033.0,,,,,0
REC00707,669,68569,68569.0,,,,,0
REC00708,670,86434,86434.0,,,,,0
REC00709,671,41100,41100.0,,,,,0
REC00710,672,71294,71294.0,,,,,0
REC00711,673,55317,55317.0,,,,,0
REC00712,674,55819,55819.0,,,,,0
REC00713,675,61990,61990.0,,,,,0
REC00714,676,38292,38292.0,,,,,0
REC00715,677,81615,89776.5,2025-03-21,,CERT0483,AWS Solutions Architect,5000
REC00716,678,40461,40461.0,,,,,0
REC00717,679,70444,70444.0,,,,,0
REC00718,680,54750,54750.0,,,,,0
REC00719,681,55181,55181.0,,,,,0
REC00720,682,37794,41573.4,2023-06-27,,CERT0255,DevOps Engineer,5000
REC00721,683,50129,50129.0,,,,,0
REC00722,684,67644,67644.0,,,,,0
REC00723,685,50192,50192.0,,,,,0
REC00724,686,72729,80001.90000000001,2024-11-03,,CERT0064,Project Management Professional,5000
REC00725,687,71808,71808.0,,,,,0
REC00726,688,88434,88434.0,,,,,0
REC00727,689,51960,51960.0,,,,,0
REC00728,690,59683,59683.0,,,,,0
REC00729,691,32173,32173.0,,,,,0
REC00730,692,39354,39354.0,,,,,0
REC00731,693,51104,51104.0,,,,,0
REC00732,694,36874,36874.0,,,,,0
REC00733,695,47563,52319.3,2025-01-27,,CERT0364,AWS Solutions Architect,5000
REC00734,696,55272,60799.200000000004,2024-11-24,,CERT0398,Project Management Professional,5000
REC00735,697,53672,53672.0,,,,,0
REC00736,698,48880,48880.0,,,,,0
REC00737,699,32757,36032.700000000004,2023-03-15,,CERT0273,Google Cloud Engineer,5000
REC00738,700,42120,42120.0,,,,,0
REC00739,701,53842,53842.0,,,,,0
REC00740,702,34047,34047.0,,,,,0
REC00741,703,48435,48435.0,,,,,0
REC00742,704,85996,85996.0,,,,,0
REC00743,705,82462,90708.20000000001,2024-09-09,,CERT0322,Google Cloud Engineer,5000
REC00744,706,37845,37845.0,,,,,0
REC00745,707,80899,88988.90000000001,2023-04-19,,CERT0040,DevOps Engineer,5000
REC00746,707,73864,81250.40000000001,2024-01-03,,CERT0093,Cybersecurity Analyst,5000
REC00747,708,37828,37828.0,,,,,0
REC00748,709,55478,61025.8,2023-07-24,,CERT0205,Network Security Expert,5000
REC00749,709,66636,73299.6,2023-06-15,,CERT0487,Cybersecurity Analyst,5000
REC00750,710,51107,51107.0,,,,,0
REC00751,711,67766,67766.0,,,,,0
REC00752,712,34930,38423.0,2024-08-16,,CERT0471,Data Science Professional,5000
REC00753,713,79756,79756.0,,,,,0
REC00754,714,87308,87308.0,,,,,0
REC00755,715,66454,66454.0,,,,,0
REC00756,716,55445,55445.0,,,,,0
REC00757,717,49835,49835.0,,,,,0
REC00758,718,50165,50165.0,,,,,0
REC00759,719,43421,43421.0,,,,,0
REC00760,720,72313,72313.0,,,,,0
REC00761,721,30100,33110.0,2024-05-01,,CERT0079,Data Science Professional,5000
REC00762,722,83942,83942.0,,,,,0
REC00763,723,39037,39037.0,,,,,0
REC00764,724,36037,36037.0,,,,,0
REC00765,725,84779,84779.0,,,,,0
REC00766,726,55247,60771.700000000004,2024-11-23,,CERT0303,Azure Administrator,5000
REC00767,726,82817,91098.70000000001,2023-04-09,,CERT0407,Database Administrator,5000
REC00768,727,82259,82259.0,,,,,0
REC00769,728,54813,60294.3,2022-11-20,,CERT0369,Machine Learning Specialist,5000
REC00770,729,78371,78371.0,,,,,0
REC00771,730,77354,77354.0,,,,,0
REC00772,731,61112,67223.20000000001,2024-02-15,,CERT0418,Network Security Expert,5000
REC00773,732,86062,94668.20000000001,2023-02-12,,CERT0405,Data Science Professional,5000
REC00774,733,72265,79491.5,2023-09-24,,CERT0446,Machine Learning Specialist,5000
REC00775,734,46405,51045.50000000001,2025-08-14,,CERT0106,Project Management Professional,5000
REC00776,734,52957,58252.700000000004,2025-01-16,,CERT0444,Database Administrator,5000
REC00777,734,80405,88445.5,2024-12-22,,CERT0463,Google Cloud Engineer,5000
REC00778,735,68870,68870.0,,,,,0
REC00779,736,54976,54976.0,,,,,0
REC00780,737,59849,59849.0,,,,,0
REC00781,738,88350,97185.00000000001,2024-01-11,,CERT0280,Cybersecurity Analyst,5000
REC00782,739,33191,33191.0,,,,,0
REC00783,740,72661,72661.0,,,,,0
REC00784,741,70831,70831.0,,,,,0
REC00785,742,80886,80886.0,,,,,0
REC00786,743,69308,69308.0,,,,,0
REC00787,744,33418,33418.0,,,,,0
REC00788,745,38778,42655.8,2024-06-02,,CERT0117,Database Administrator,5000
REC00789,745,61739,67912.90000000001,2023-12-05,,CERT0163,Data Science Professional,5000
REC00790,746,84198,92617.8,2024-10-26,,CERT0419,Machine Learning Specialist,5000
REC00791,747,70014,70014.0,,,,,0
REC00792,748,71790,71790.0,,,,,0
REC00793,749,88952,88952.0,,,,,0
REC00794,750,60919,60919.0,,,,,0
REC00795,751,49589,49589.0,,,,,0
REC00796,752,78687,78687.0,,,,,0
REC00797,753,51674,51674.0,,,,,0
REC00798,754,83699,92068.90000000001,2023-04-09,,CERT0139,DevOps Engineer,5000
REC00799,754,36282,39910.200000000004,2025-08-08,,CERT0154,DevOps Engineer,5000
REC00800,754,84002,92402.20000000001,2023-04-11,,CERT0308,AWS Solutions Architect,5000
REC00801,755,31337,31337.0,,,,,0
REC00802,756,66315,66315.0,,,,,0
REC00803,757,43657,43657.0,,,,,0
REC00804,758,46771,46771.0,,,,,0
REC00805,759,35245,35245.0,,,,,0
REC00806,760,57342,63076.200000000004,2023-08-12,,CERT0452,Cybersecurity Analyst,5000
REC00807,761,33922,33922.0,,,,,0
REC00808,762,31221,31221.0,,,,,0
REC00809,763,76778,76778.0,,,,,0
REC00810,764,31924,31924.0,,,,,0
REC00811,765,86337,86337.0,,,,,0
REC00812,766,38901,42791.100000000006,2024-01-07,,CERT0467,Network Security Expert,5000
REC00813,767,71407,78547.70000000001,2023-12-25,,CERT0155,Azure Administrator,5000
REC00814,768,79502,79502.0,,,,,0
REC00815,769,38856,38856.0,,,,,0
REC00816,770,50099,50099.0,,,,,0
REC00817,771,58997,58997.0,,,,,0
REC00818,772,38616,42477.600000000006,2025-08-17,,CERT0138,Data Science Professional,5000
REC00819,773,67028,67028.0,,,,,0
REC00820,774,86890,86890.0,,,,,0
REC00821,775,72161,72161.0,,,,,0
REC00822,776,33511,36862.100000000006,2025-06-28,,CERT0091,DevOps Engineer,5000
REC00823,777,40904,40904.0,,,,,0
REC00824,778,30673,33740.3,2023-07-16,,CERT0060,Machine Learning Specialist,5000
REC00825,778,64706,71176.6,2022-12-15,,CERT0076,DevOps Engineer,5000
REC00826,779,87185,87185.0,,,,,0
REC00827,780,75518,83069.8,2024-11-15,,CERT0372,AWS Solutions Architect,5000
REC00828,781,55329,55329.0,,,,,0
REC00829,782,37303,41033.3,2025-05-02,,CERT0196,Database Administrator,5000
REC00830,783,81125,81125.0,,,,,0
REC00831,784,59419,59419.0,,,,,0
REC00832,785,61732,61732.0,,,,,0
REC00833,786,73647,81011.70000000001,2023-01-10,,CERT0077,AWS Solutions Architect,5000
REC00834,787,61649,61649.0,,,,,0
REC00835,788,71297,78426.70000000001,2022-11-30,,CERT0462,Database Administrator,5000
REC00836,789,84429,84429.0,,,,,0
REC00837,790,58172,58172.0,,,,,0
REC00838,791,72798,72798.0,,,,,0
REC00839,792,58960,58960.0,,,,,0
REC00840,793,70738,77811.8,2024-11-06,,CERT0095,Data Science Professional,5000
REC00841,793,79267,87193.70000000001,2024-09-24,,CERT0353,Machine Learning Specialist,5000
REC00842,794,35719,35719.0,,,,,0
REC00843,795,57260,62986.00000000001,2025-08-10,,CERT0044,Cybersecurity Analyst,5000
REC00844,795,59081,64989.100000000006,2023-08-24,,CERT0061,DevOps Engineer,5000
REC00845,795,57822,63604.200000000004,2025-10-11,,CERT0430,DevOps Engineer,5000
REC00846,796,40738,44811.8,2024-04-14,,CERT0147,Azure Administrator,5000
REC00847,797,87195,87195.0,,,,,0
REC00848,798,62308,62308.0,,,,,0
REC00849,799,87321,96053.1,2024-09-26,,CERT0158,AWS Solutions Architect,5000
REC00850,800,42910,47201.00000000001,2023-11-19,,CERT0432,Machine Learning Specialist,5000
REC00851,801,68464,68464.0,,,,,0
REC00852,802,33404,36744.4,2025-07-12,,CERT0165,Google Cloud Engineer,5000
REC00853,803,40825,40825.0,,,,,0
REC00854,804,67010,67010.0,,,,,0
REC00855,805,81972,81972.0,,,,,0
REC00856,806,80951,80951.0,,,,,0
REC00857,807,65459,65459.0,,,,,0
REC00858,808,72032,72032.0,,,,,0
REC00859,809,57724,57724.0,,,,,0
REC00860,810,36437,40080.700000000004,2023-10-07,,CERT0406,Machine Learning Specialist,5000
REC00861,811,42404,46644.4,2023-05-08,,CERT0392,Machine Learning Specialist,5000
REC00862,812,72477,79724.70000000001,2025-01-26,,CERT0412,Machine Learning Specialist,5000
REC00863,813,39776,39776.0,,,,,0
REC00864,814,69021,75923.1,2022-12-06,,CERT0103,DevOps Engineer,5000
REC00865,815,40194,44213.4,2023-03-13,,CERT0481,Network Security Expert,5000
REC00866,816,40419,40419.0,,,,,0
REC00867,817,73569,73569.0,,,,,0
REC00868,818,74103,74103.0,,,,,0
REC00869,819,78986,78986.0,,,,,0
REC00870,820,74465,81911.5,2023-09-21,,CERT0359,Network Security Expert,5000
REC00871,821,50462,55508.200000000004,2022-12-20,,CERT0497,Network Security Expert,5000
REC00872,822,68173,68173.0,,,,,0
REC00873,823,83763,83763.0,,,,,0
REC00874,824,38266,38266.0,,,,,0
REC00875,825,62340,62340.0,,,,,0
REC00876,826,53018,53018.0,,,,,0
REC00877,827,74353,74353.0,,,,,0
REC00878,828,68775,68775.0,,,,,0
REC00879,829,33604,36964.4,2024-10-16,,CERT0241,Cybersecurity Analyst,5000
REC00880,830,33280,36608.0,2025-02-11,,CERT0355,Cybersecurity Analyst,5000
REC00881,831,35162,35162.0,,,,,0
REC00882,832,68386,75224.6,2024-02-02,,CERT0382,DevOps Engineer,5000
REC00883,833,79180,79180.0,,,,,0
REC00884,834,64202,64202.0,,,,,0
REC00885,835,65671,72238.1,2024-08-09,,CERT0149,Network Security Expert,5000
REC00886,836,66020,66020.0,,,,,0
REC00887,837,36448,36448.0,,,,,0
REC00888,838,77042,84746.20000000001,2023-07-02,,CERT0204,Database Administrator,5000
REC00889,839,56214,56214.0,,,,,0
REC00890,840,55353,55353.0,,,,,0
REC00891,841,37426,41168.600000000006,2023-08-24,,CERT0380,Azure Administrator,5000
REC00892,841,41636,45799.600000000006,2025-05-08,,CERT0469,Azure Administrator,5000
REC00893,842,60441,66485.1,2025-01-04,,CERT0295,Google Cloud Engineer,5000
REC00894,843,75913,75913.0,,,,,0
REC00895,844,76460,76460.0,,,,,0
REC00896,845,55461,61007.100000000006,2025-08-08,,CERT0234,Cybersecurity Analyst,5000
REC00897,846,30612,33673.200000000004,2024-08-05,,CERT0285,Project Management Professional,5000
REC00898,847,34186,34186.0,,,,,0
REC00899,848,55668,61234.8,2023-07-22,,CERT0334,Database Administrator,5000
REC00900,849,87961,87961.0,,,,,0
REC00901,850,72506,72506.0,,,,,0
REC00902,851,50492,50492.0,,,,,0
REC00903,852,84888,93376.8,2025-04-24,,CERT0426,Machine Learning Specialist,5000
REC00904,853,73233,73233.0,,,,,0
REC00905,854,57045,57045.0,,,,,0
REC00906,855,50647,50647.0,,,,,0
REC00907,856,39120,39120.0,,,,,0
REC00908,857,88746,97620.6,2025-03-27,,CERT0143,Network Security Expert,5000
REC00909,858,74321,81753.1,2025-01-02,,CERT0311,Database Administrator,5000
REC00910,859,39114,39114.0,,,,,0
REC00911,860,30099,33108.9,2023-04-06,,CERT0034,Machine Learning Specialist,5000
REC00912,861,86537,86537.0,,,,,0
REC00913,862,32354,32354.0,,,,,0
REC00914,863,89736,98709.6,2025-06-13,,CERT0414,Data Science Professional,5000
REC00915,864,85060,85060.0,,,,,0
REC00916,865,75790,83369.0,2024-09-23,,CERT0429,Data Science Professional,5000
REC00917,866,31608,31608.0,,,,,0
REC00918,867,84546,93000.6,2025-05-15,,CERT0327,Data Science Professional,5000
REC00919,868,60105,60105.0,,,,,0
REC00920,869,55496,55496.0,,,,,0
REC00921,870,37719,41490.9,2025-10-13,,CERT0477,Machine Learning Specialist,5000
REC00922,871,41498,45647.8,2023-10-06,,CERT0464,Cybersecurity Analyst,5000
REC00923,872,43947,43947.0,,,,,0
REC00924,873,79436,87379.6,2024-08-29,,CERT0275,DevOps Engineer,5000
REC00925,874,60360,60360.0,,,,,0
REC00926,875,41922,41922.0,,,,,0
REC00927,876,77276,77276.0,,,,,0
REC00928,877,78851,78851.0,,,,,0
REC00929,878,89693,89693.0,,,,,0
REC00930,879,73830,81213.0,2024-03-18,,CERT0153,Data Science Professional,5000
REC00931,880,46384,51022.4,2023-11-27,,CERT0290,Database Administrator,5000
REC00932,881,89530,89530.0,,,,,0
REC00933,882,83955,83955.0,,,,,0
REC00934,883,68619,68619.0,,,,,0
REC00935,884,76947,76947.0,,,,,0
REC00936,885,73449,80793.90000000001,2023-06-03,,CERT0375,Data Science Professional,5000
REC00937,886,82115,82115.0,,,,,0
REC00938,887,88530,88530.0,,,,,0
REC00939,888,32098,32098.0,,,,,0
REC00940,889,77346,77346.0,,,,,0
REC00941,890,67734,74507.40000000001,2024-06-22,,CERT0272,Azure Administrator,5000
REC00942,891,32068,32068.0,,,,,0
REC00943,892,36827,36827.0,,,,,0
REC00944,893,42918,42918.0,,,,,0
REC00945,894,89520,89520.0,,,,,0
REC00946,895,68372,68372.0,,,,,0
REC00947,896,52893,52893.0,,,,,0
REC00948,897,42393,42393.0,,,,,0
REC00949,898,70642,70642.0,,,,,0
REC00950,899,87569,87569.0,,,,,0
REC00951,900,54204,54204.0,,,,,0
REC00952,901,64575,71032.5,2025-09-09,,CERT0223,Project Management Professional,5000
REC00953,902,49574,54531.4,2024-06-30,,CERT0326,DevOps Engineer,5000
REC00954,903,44881,44881.0,,,,,0
REC00955,904,56775,56775.0,,,,,0
REC00956,905,64700,64700.0,,,,,0
REC00957,906,66741,66741.0,,,,,0
REC00958,907,61782,61782.0,,,,,0
REC00959,908,30266,33292.600000000006,2022-12-31,,CERT0403,AWS Solutions Architect,5000
REC00960,909,74038,74038.0,,,,,0
REC00961,910,62637,62637.0,,,,,0
REC00962,911,35382,35382.0,,,,,0
REC00963,912,71574,71574.0,,,,,0
REC00964,913,58582,58582.0,,,,,0
REC00965,914,75387,82925.70000000001,2024-12-13,,CERT0087,DevOps Engineer,5000
REC00966,915,88709,97579.90000000001,2024-10-21,,CERT0022,Project Management Professional,5000
REC00967,916,58030,58030.0,,,,,0
REC00968,917,48802,53682.200000000004,2024-04-20,,CERT0422,Azure Administrator,5000
REC00969,918,53218,53218.0,,,,,0
REC00970,919,62563,68819.3,2023-05-10,,CERT0031,Project Management Professional,5000
REC00971,920,57906,57906.0,,,,,0
REC00972,921,37500,37500.0,,,,,0
REC00973,922,67533,67533.0,,,,,0
REC00974,923,84793,93272.3,2023-11-02,,CERT0102,DevOps Engineer,5000
REC00975,924,38819,38819.0,,,,,0
REC00976,925,55544,61098.4,2023-12-15,,CERT0216,Project Management Professional,5000
REC00977,925,34485,37933.5,2025-03-31,,CERT0490,Azure Administrator,5000
REC00978,926,53156,58471.600000000006,2024-09-10,,CERT0271,Data Science Professional,5000
REC00979,927,87525,96277.50000000001,2025-09-23,,CERT0338,Project Management Professional,5000
REC00980,928,65051,65051.0,,,,,0
REC00981,929,83441,91785.1,2024-04-06,,CERT0089,Machine Learning Specialist,5000
REC00982,930,61311,61311.0,,,,,0
REC00983,931,41326,41326.0,,,,,0
REC00984,932,56956,56956.0,,,,,0
REC00985,933,77663,85429.3,2024-08-15,,CERT0417,DevOps Engineer,5000
REC00986,933,53116,58427.600000000006,2024-10-01,,CERT0437,DevOps Engineer,5000
REC00987,934,60357,60357.0,,,,,0
REC00988,935,79272,79272.0,,,,,0
REC00989,936,44098,44098.0,,,,,0
REC00990,937,77449,85193.90000000001,2025-06-07,,CERT0133,Google Cloud Engineer,5000
REC00991,938,55101,55101.0,,,,,0
REC00992,939,79374,79374.0,,,,,0
REC00993,940,66444,66444.0,,,,,0
REC00994,941,83484,91832.40000000001,2025-07-20,,CERT0009,Machine Learning Specialist,5000
REC00995,942,40345,40345.0,,,,,0
REC00996,943,41477,45624.700000000004,2024-02-02,,CERT0191,AWS Solutions Architect,5000
REC00997,944,74550,74550.0,,,,,0
REC00998,945,75668,83234.8,2025-06-21,,CERT0421,Project Management Professional,5000
REC00999,946,50016,55017.600000000006,2023-11-24,,CERT0396,Network Security Expert,5000
REC01000,947,56152,56152.0,,,,,0
REC01001,948,71882,71882.0,,,,,0
REC01002,949,37326,37326.0,,,,,0
REC01003,950,37557,41312.700000000004,2023-08-01,,CERT0447,Google Cloud Engineer,5000
REC01004,951,77247,77247.0,,,,,0
REC01005,952,76015,83616.5,2025-07-05,,CERT0247,Machine Learning Specialist,5000
REC01006,953,41749,45923.9,2024-05-13,,CERT0310,Cybersecurity Analyst,5000
REC01007,954,74069,74069.0,,,,,0
REC01008,955,62315,62315.0,,,,,0
REC01009,956,45985,45985.0,,,,,0
REC01010,957,42383,42383.0,,,,,0
REC01011,958,77456,77456.0,,,,,0
REC01012,959,65312,65312.0,,,,,0
REC01013,960,77312,77312.0,,,,,0
REC01014,961,36432,40075.200000000004,2023-10-08,,CERT0011,Database Administrator,5000
REC01015,962,62830,69113.0,2024-08-16,,CERT0189,AWS Solutions Architect,5000
REC01016,962,57018,62719.8,2025-06-09,,CERT0474,Machine Learning Specialist,5000
REC01017,963,89788,89788.0,,,,,0
REC01018,964,60301,60301.0,,,,,0
REC01019,965,46192,46192.0,,,,,0
REC01020,966,60109,60109.0,,,,,0
REC01021,967,69258,76183.8,2023-08-23,,CERT0050,AWS Solutions Architect,5000
REC01022,968,32023,35225.3,2024-01-29,,CERT0101,Google Cloud Engineer,5000
REC01023,969,38342,42176.200000000004,2023-10-10,,CERT0288,Cybersecurity Analyst,5000
REC01024,970,87747,87747.0,,,,,0
REC01025,971,48821,48821.0,,,,,0
REC01026,972,65620,72182.0,2023-12-10,,CERT0386,Project Management Professional,5000
REC01027,973,59267,59267.0,,,,,0
REC01028,974,79279,87206.90000000001,2025-05-27,,CERT0245,Network Security Expert,5000
REC01029,975,64276,64276.0,,,,,0
REC01030,976,72757,72757.0,,,,,0
REC01031,977,45708,45708.0,,,,,0
REC01032,978,81660,81660.0,,,,,0
REC01033,979,86474,86474.0,,,,,0
REC01034,980,74785,82263.5,2025-07-02,,CERT0007,Data Science Professional,5000
REC01035,981,55683,61251.3,2025-08-27,,CERT0037,Machine Learning Specialist,5000
REC01036,981,74940,82434.0,2022-12-06,,CERT0200,Machine Learning Specialist,5000
REC01037,982,64790,71269.0,2023-05-24,,CERT0486,Azure Administrator,5000
REC01038,983,55735,61308.50000000001,2025-06-10,,CERT0054,Database Administrator,5000
REC01039,984,49636,49636.0,,,,,0
REC01040,985,30592,30592.0,,,,,0
REC01041,986,52941,52941.0,,,,,0
REC01042,987,47408,47408.0,,,,,0
REC01043,988,50183,50183.0,,,,,0
REC01044,989,61439,61439.0,,,,,0
REC01045,990,67437,67437.0,,,,,0
REC01046,991,81523,89675.3,2025-08-23,,CERT0299,Cybersecurity Analyst,5000
REC01047,992,41408,45548.8,2025-07-12,,CERT0045,Project Management Professional,5000
REC01048,992,40096,44105.600000000006,2024-08-25,,CERT0172,Data Science Professional,5000
REC01049,992,72441,79685.1,2024-12-19,,CERT0459,Google Cloud Engineer,5000
REC01050,993,70532,77585.20000000001,2024-06-01,,CERT0479,Google Cloud Engineer,5000
REC01051,994,62884,62884.0,,,,,0
REC01052,995,88085,96893.50000000001,2024-01-16,,CERT0320,AWS Solutions Architect,5000
REC01053,996,70703,77773.3,2025-02-16,,CERT0036,Google Cloud Engineer,5000
REC01054,997,63592,69951.20000000001,2025-02-08,,CERT0348,Network Security Expert,5000
REC01055,998,86248,86248.0,,,,,0
REC01056,999,53088,58396.8,2023-01-22,,CERT0027,AWS Solutions Architect,5000
REC01057,1000,51649,56813.9,2025-07-27,,CERT0141,Database Administrator,5000
